<?xml version="1.0" encoding="utf-8"?>
<xdms:container xdms:uid="35779da0-34c0-4166-9b1c-3245f6744ef9" xdms:version="2.7.1" xmlns:xdms="urn:IEDMS:CONTAINER">
  <xdms:requisites>
    <xdms:documentKind xdms:id="DK00000000">Другие виды документов</xdms:documentKind>
    <xdms:documentPlace xdms:id="312">Самара</xdms:documentPlace>
    <xdms:classification xdms:id="DC00000000">Обычная информация</xdms:classification>
    <xdms:annotation>123123</xdms:annotation>
    <xdms:links>
      <xdms:link xdms:uid="f395bf33-0ae9-49dc-97a8-cabd90152133">
        <xdms:organization xdms:id="00079372-a7d1-431a-9397-6752e572835b">
          <xdms:title>Digital Design</xdms:title>
        </xdms:organization>
        <xdms:registration>
          <xdms:number>1111000</xdms:number>
          <xdms:date>2022-06-17</xdms:date>
        </xdms:registration>
        <xdms:signer xdms:id="139f9517-3b26-4ee3-8648-25a9d94d4428">
          <xdms:name>Gallyamova Yuliya</xdms:name>
          <xdms:phone>-</xdms:phone>
        </xdms:signer>
        <xdms:linkType xdms:id="LT00000002">Документ-основание</xdms:linkType>
      </xdms:link>
    </xdms:links>
  </xdms:requisites>
  <xdms:authors>
    <xdms:author>
      <xdms:organization xdms:id="00079372-a7d1-431a-9397-6752e572835b">
        <xdms:title>Digital Design</xdms:title>
      </xdms:organization>
      <xdms:department>ORPO</xdms:department>
      <xdms:registration>
        <xdms:date>0001-01-01</xdms:date>
        <xdms:registrationStamp xdms:localName="Stamp_2.png">
          <xdms:position>
            <xdms:page>1</xdms:page>
            <xdms:topLeft>
              <xdms:x>9</xdms:x>
              <xdms:y>5</xdms:y>
            </xdms:topLeft>
            <xdms:dimension>
              <xdms:w>82</xdms:w>
              <xdms:h>5</xdms:h>
            </xdms:dimension>
          </xdms:position>
        </xdms:registrationStamp>
      </xdms:registration>
      <xdms:sign>
        <xdms:person>
          <xdms:post>Инженер</xdms:post>
          <xdms:name>Leonid Kolbasov</xdms:name>
        </xdms:person>
        <xdms:documentSignature xdms:localName="ALEKSANDR_PIMENOV.p7s">
          <xdms:signatureStamp xdms:localName="Stamp_1.png">
            <xdms:position>
              <xdms:page>1</xdms:page>
              <xdms:topLeft>
                <xdms:x>60</xdms:x>
                <xdms:y>235</xdms:y>
              </xdms:topLeft>
              <xdms:dimension>
                <xdms:w>80</xdms:w>
                <xdms:h>35</xdms:h>
              </xdms:dimension>
            </xdms:position>
          </xdms:signatureStamp>
        </xdms:documentSignature>
      </xdms:sign>
      <xdms:executor>
        <xdms:name>Leonid Kolbasov</xdms:name>
        <xdms:phone>8732</xdms:phone>
        <xdms:email>Kolbasov.L@digdes.com</xdms:email>
      </xdms:executor>
    </xdms:author>
  </xdms:authors>
  <xdms:addressees>
    <xdms:addressee>
      <xdms:organization>
        <xdms:title>Digital Design</xdms:title>
      </xdms:organization>
    </xdms:addressee>
  </xdms:addressees>
  <xdms:document xdms:localName="ALEKSANDR_PIMENOV.pdf">
    <xdms:pagesQuantity>4</xdms:pagesQuantity>
  </xdms:document>
</xdms:container>